{
  "main": {
    "id": "451e752288e3f650",
    "type": "split",
    "children": [
      {
        "id": "9a080ab3468e58ac",
        "type": "tabs",
        "children": [
          {
            "id": "f699eb3555f6adf9",
            "type": "leaf",
            "state": {
              "type": "markdown",
              "state": {
                "file": "Genetic Algorithm.md",
                "mode": "source",
                "source": false
              }
            }
          },
          {
            "id": "659c4f74f4caf397",
            "type": "leaf",
            "state": {
              "type": "markdown",
              "state": {
                "file": "Assignment Problem.md",
                "mode": "source",
                "source": false
              }
            }
          }
        ]
      }
    ],
    "direction": "vertical"
  },
  "left": {
    "id": "fa5f4ebb0ed815bb",
    "type": "split",
    "children": [
      {
        "id": "7a364ace3e64d9e7",
        "type": "tabs",
        "children": [
          {
            "id": "0954b856b6994297",
            "type": "leaf",
            "state": {
              "type": "file-explorer",
              "state": {
                "sortOrder": "alphabetical"
              }
            }
          },
          {
            "id": "313e9a7a9db32f22",
            "type": "leaf",
            "state": {
              "type": "search",
              "state": {
                "query": "",
                "matchingCase": false,
                "explainSearch": false,
                "collapseAll": false,
                "extraContext": false,
                "sortOrder": "alphabetical"
              }
            }
          },
          {
            "id": "abc44f8bffc72fb9",
            "type": "leaf",
            "state": {
              "type": "bookmarks",
              "state": {}
            }
          }
        ]
      }
    ],
    "direction": "horizontal",
    "width": 300
  },
  "right": {
    "id": "86eae00c3a78c869",
    "type": "split",
    "children": [
      {
        "id": "98f3788054f2733a",
        "type": "tabs",
        "children": [
          {
            "id": "e83df86dd440b65b",
            "type": "leaf",
            "state": {
              "type": "backlink",
              "state": {
                "file": "Genetic Algorithm.md",
                "collapseAll": false,
                "extraContext": false,
                "sortOrder": "alphabetical",
                "showSearch": false,
                "searchQuery": "",
                "backlinkCollapsed": false,
                "unlinkedCollapsed": true
              }
            }
          },
          {
            "id": "1a9f95f480fa9de7",
            "type": "leaf",
            "state": {
              "type": "outgoing-link",
              "state": {
                "file": "Genetic Algorithm.md",
                "linksCollapsed": false,
                "unlinkedCollapsed": true
              }
            }
          },
          {
            "id": "41fb9cfa83ad1bc5",
            "type": "leaf",
            "state": {
              "type": "tag",
              "state": {
                "sortOrder": "frequency",
                "useHierarchy": true
              }
            }
          },
          {
            "id": "ce7e222936d0beb0",
            "type": "leaf",
            "state": {
              "type": "outline",
              "state": {
                "file": "Genetic Algorithm.md"
              }
            }
          },
          {
            "id": "c2951e1891a944af",
            "type": "leaf",
            "state": {
              "type": "all-properties",
              "state": {
                "sortOrder": "frequency",
                "showSearch": false,
                "searchQuery": ""
              }
            }
          }
        ]
      }
    ],
    "direction": "horizontal",
    "width": 300,
    "collapsed": true
  },
  "left-ribbon": {
    "hiddenItems": {
      "switcher:Open quick switcher": false,
      "graph:Open graph view": false,
      "canvas:Create new canvas": false,
      "daily-notes:Open today's daily note": false,
      "templates:Insert template": false,
      "command-palette:Open command palette": false
    }
  },
  "active": "f699eb3555f6adf9",
  "lastOpenFiles": [
    "Assignment Problem.md",
    "Genetic Algorithm.md",
    "Pasted image 20240206112757.png",
    "Pasted image 20240206112623.png",
    "Pasted image 20240205182414.png",
    "Pasted image 20240205182040.png",
    "Pasted image 20240110101422.png",
    "Pasted image 20240109171337.png",
    "Pasted image 20240109171125.png",
    "Pasted image 20231225165111.png",
    "English For Work.md",
    "Project.md",
    "Project Assets.md",
    "Pasted image 20231219091650.png",
    "Selected Topic 13 July 23 Bitcoin - A peer to peer electronic cash system.md",
    "Combinational Optimization.md",
    "Pasted image 20230904190844.png",
    "Untitled.canvas",
    "Branch-and-bound.md"
  ]
}